{
    "project_info": {
        "project_number": "208201286938",
        "firebase_url": "https://mims-a970a.firebaseio.com",
        "project_id": "mims-a970a",
        "storage_bucket": "mims-a970a.appspot.com"
    },
    "client": [
        {
            "client_info": {
                "mobilesdk_app_id": "1:208201286938:android:a8feed1ba9a90bce",
                "android_client_info": {
                    "package_name": "com.mims"
                }
            },
            "oauth_client": [
                {
                    "client_id": "208201286938-tk7km3luhfugnt46oua9ugaf9vu4renl.apps.googleusercontent.com",
                    "client_type": 3
                }
            ],
            "api_key": [
                {
                    "current_key": "AIzaSyCxX21JxvX84O-1aJLZ0grvRmAp3SWbRuw"
                }
            ],
            "services": {
                "appinvite_service": {
                    "other_platform_oauth_client": [
                        {
                            "client_id": "208201286938-tk7km3luhfugnt46oua9ugaf9vu4renl.apps.googleusercontent.com",
                            "client_type": 3
                        }
                    ]
                }
            }
        },
        {
            "client_info": {
                "mobilesdk_app_id": "1:208201286938:android:3e976809424765b6ee58a3",
                "android_client_info": {
                    "package_name": "com.mims.dev"
                }
            },
            "oauth_client": [
                {
                    "client_id": "208201286938-tk7km3luhfugnt46oua9ugaf9vu4renl.apps.googleusercontent.com",
                    "client_type": 3
                }
            ],
            "api_key": [
                {
                    "current_key": "AIzaSyCxX21JxvX84O-1aJLZ0grvRmAp3SWbRuw"
                }
            ],
            "services": {
                "appinvite_service": {
                    "other_platform_oauth_client": [
                        {
                            "client_id": "208201286938-tk7km3luhfugnt46oua9ugaf9vu4renl.apps.googleusercontent.com",
                            "client_type": 3
                        }
                    ]
                }
            }
        }
    ],
    "configuration_version": "1"
}
